unhealthy_ratio,good_day_ratio,pollution_severity_index,aqi_spread,pm_pollution_ratio
0.0,0.7219917012448133,67,45,0.6224066390041494
0.0,0.8535564853556485,36,101,1.0
0.0,0.7860082304526749,52,51,0.35802469135802467
0.0,0.9717514124293786,5,32,0.0
0.0,0.6348547717842323,88,42,0.7012448132780082
0.0,0.36813186813186816,116,59,0.8571428571428571
0.0,1.0,0,13,1.0
0.0,0.7513812154696132,45,30,0.6353591160220995
0.0,0.6970954356846473,73,37,0.6929460580912863
0.0,0.6540084388185654,82,46,0.7932489451476793
0.0,0.8106995884773662,46,29,0.6337448559670782
0.0,0.8109452736318408,38,50,0.31840796019900497
0.0,0.9560439560439561,8,47,0.0
0.0,0.7933884297520661,50,49,0.7892561983471075
0.0,0.7654320987654321,57,52,0.6954732510288066
0.0,0.95,1,47,1.0
0.0,0.8076923076923077,36,86,0.978021978021978
0.0,1.0,0,11,0.0
0.02197802197802198,0.6153846153846154,84,148,0.5714285714285714
0.0,0.850828729281768,28,117,1.0
0.0,1.0,0,6,1.0
0.0,0.9034090909090909,19,134,1.0
0.0,1.0,0,20,1.0
0.0,0.9962962962962963,1,38,1.0
0.007326007326007326,0.6556776556776557,102,282,0.304029304029304
0.0,0.6254681647940075,102,65,0.00749063670411985
0.003663003663003663,0.5201465201465202,147,146,0.1575091575091575
0.0036900369003690036,0.6863468634686347,88,206,0.09225092250922509
0.019736842105263157,0.16447368421052633,298,295,0.375
0.007380073800738007,0.933579335793358,24,312,1.0
0.0,0.9963369963369964,1,41,1.0
0.018315018315018316,0.36996336996337,187,302,0.6776556776556777
0.014925373134328358,0.2462686567164179,238,1149,0.39925373134328357
0.003676470588235294,0.6360294117647058,102,142,1.0
0.0,0.587360594795539,111,48,0.0037174721189591076
0.003663003663003663,0.5347985347985348,136,162,0.41025641025641024
0.0,0.5164835164835165,44,28,1.0
0.0,0.5384615384615384,42,19,1.0
0.0,0.975103734439834,6,39,0.0
0.0,0.7985347985347986,56,71,0.1978021978021978
0.0,0.5274725274725275,43,43,1.0
0.0,0.6593406593406593,31,35,1.0
0.0,0.9304029304029304,19,39,0.003663003663003663
0.0,0.8118081180811808,52,79,0.2140221402214022
0.0072992700729927005,0.3284671532846715,193,185,0.7335766423357665
0.0,0.43956043956043955,51,18,1.0
0.0,0.8315018315018315,46,33,0.18315018315018314
0.0,0.8483412322274881,32,57,0.0
0.0,0.6612244897959184,83,49,0.4326530612244898
0.0,0.7391304347826086,54,57,0.21739130434782608
0.0,0.8490566037735849,40,57,0.4377358490566038
0.0,0.8100558659217877,34,37,1.0
0.0,0.8584905660377359,31,76,0.0047169811320754715
0.003289473684210526,0.40131578947368424,208,103,0.29605263157894735
0.0,0.8018867924528302,42,54,0.27358490566037735
0.0,0.8316831683168316,51,39,0.7128712871287128
0.0273972602739726,0.273972602739726,192,126,0.4474885844748858
0.01098901098901099,0.4065934065934066,176,109,0.45054945054945056
0.0,0.23809523809523808,233,82,0.45054945054945056
0.0,0.39779005524861877,112,52,0.5027624309392266
0.0,1.0,0,15,1.0
0.10948905109489052,0.10948905109489052,364,124,0.35766423357664234
0.0,0.6916666666666667,37,48,0.4666666666666667
0.0,1.0,0,11,1.0
0.0,0.816,46,45,0.004
0.0,0.6444444444444445,32,35,0.5222222222222223
0.0,0.9281767955801105,14,82,1.0
0.0,0.7692307692307693,42,22,0.5
0.0,0.7955801104972375,37,40,0.11049723756906077
0.0036496350364963502,0.44525547445255476,162,107,0.551094890510949
0.0,0.48559670781893005,127,92,0.3004115226337449
0.0,0.5282051282051282,96,65,1.0
0.12043795620437957,0.10583941605839416,382,278,0.3248175182481752
0.0,0.5892857142857143,95,74,0.41964285714285715
0.0,0.905829596412556,21,30,0.11659192825112108
0.15328467153284672,0.12408759124087591,389,117,0.2591240875912409
0.01838235294117647,0.4264705882352941,181,107,0.34558823529411764
0.0,0.6593406593406593,62,49,0.5769230769230769
0.0,0.43956043956043955,160,68,0.47619047619047616
0.0055248618784530384,0.2983425414364641,129,132,0.8839779005524862
0.0,0.8176795580110497,33,34,0.4585635359116022
0.0,0.8491379310344828,35,56,0.125
0.0,1.0,0,4,1.0
0.0,0.9888059701492538,3,27,0.0
0.0,1.0,0,30,1.0
0.0,0.6827309236947792,80,56,0.26506024096385544
0.0,0.6132075471698113,82,52,0.4056603773584906
0.0,0.8066037735849056,41,54,0.5424528301886793
0.0,0.6842105263157895,48,50,1.0
0.0,0.2974137931034483,193,81,0.4051724137931034
0.0,0.8333333333333334,35,47,0.0
0.0,0.5274725274725275,137,81,0.4139194139194139
0.0,0.6043956043956044,108,53,0.5164835164835165
0.0,0.5018315018315018,137,62,0.336996336996337
0.0,0.9084249084249084,25,52,1.0
0.0,0.4725274725274725,146,50,0.12087912087912088
0.0,0.7953795379537953,64,83,0.21782178217821782
0.0,0.5091575091575091,137,69,0.2600732600732601
0.0,0.6441947565543071,95,52,0.0
0.0,0.8803418803418803,15,75,1.0
0.0,0.4416058394160584,159,61,0.29927007299270075
0.0,0.5787545787545788,122,73,0.13186813186813187
0.0,0.5824175824175825,114,48,0.0695970695970696
0.0,0.9111111111111111,24,52,1.0
0.0,0.7649253731343284,63,49,0.0037313432835820895
0.0,0.6851851851851852,86,53,0.0
0.0,0.5991735537190083,98,66,0.0
0.0,1.0,0,5,1.0
0.0,0.4652014652014652,159,68,0.0
0.0,0.5328947368421053,144,62,0.03289473684210526
0.0,0.40145985401459855,175,65,0.13503649635036497
0.0,0.673992673992674,89,43,0.1794871794871795
0.0,0.7289377289377289,75,55,0.0
0.003663003663003663,0.9157509157509157,25,133,1.0
0.009478672985781991,0.9146919431279621,25,628,1.0
0.0,0.6556776556776557,95,53,0.16483516483516483
0.0,0.9157509157509157,23,64,1.0
0.0,1.0,0,9,1.0
0.0,0.9304029304029304,19,73,1.0
0.0,0.42700729927007297,163,67,0.2846715328467153
0.0055248618784530384,0.6685082872928176,70,122,0.39226519337016574
0.0055248618784530384,0.6685082872928176,65,120,0.3149171270718232
0.0055248618784530384,0.8176795580110497,38,120,0.1878453038674033
0.00819672131147541,0.7786885245901639,30,109,0.0
0.0055248618784530384,0.6850828729281768,63,107,0.292817679558011
0.0,0.7900552486187845,42,96,0.4419889502762431
0.0,0.7983193277310925,27,94,0.0
0.0,0.9087136929460581,23,71,0.0
0.007326007326007326,0.42857142857142855,164,139,0.5274725274725275
0.0,0.7016574585635359,57,78,0.34806629834254144
0.005494505494505495,0.6043956043956044,77,115,0.41208791208791207
0.0,0.7955801104972375,38,62,0.2541436464088398
0.0,0.6813186813186813,59,56,0.4340659340659341
0.0,0.9007352941176471,27,32,0.5330882352941176
0.0,0.6911764705882353,84,30,0.8198529411764706
0.0,0.6059479553903345,106,46,0.758364312267658
0.0,0.8974358974358975,28,43,0.16483516483516483
0.0,0.7238493723849372,66,50,0.4560669456066946
0.0,0.6777777777777778,88,81,1.0
0.0,0.673992673992674,89,28,0.6813186813186813
0.0,0.5641025641025641,119,32,0.8424908424908425
0.0,0.4065934065934066,112,84,0.7362637362637363
0.0,0.6959706959706959,84,60,0.5384615384615384
0.0,0.9742647058823529,7,43,0.0
0.0,0.5423076923076923,119,23,1.0
0.0,0.9320754716981132,18,46,0.0
0.0,0.4927007299270073,141,71,0.6459854014598541
0.0,0.5860805860805861,113,31,0.8278388278388278
0.0,0.9246231155778895,15,41,0.0
0.0,0.9328358208955224,19,77,0.0
0.0,0.7435897435897436,70,55,0.4652014652014652
0.0,0.5248618784530387,87,90,0.8232044198895028
0.0,0.9771689497716894,5,45,0.0
0.0,0.856353591160221,26,59,0.0
0.0,0.6727941176470589,90,55,0.6507352941176471
0.0,0.7619047619047619,65,33,0.5934065934065934
0.0,0.5109489051094891,134,48,0.7846715328467153
0.0,0.9267399267399268,20,47,0.07692307692307693
0.0,0.7153284671532847,79,61,0.46715328467153283
0.0,0.8241758241758241,49,64,0.43223443223443225
0.0,0.717948717948718,77,45,0.6666666666666666
0.0,0.9157509157509157,24,78,0.0
0.0,0.6934306569343066,85,85,0.5291970802919708
0.0,0.9440298507462687,15,66,0.0
0.0,0.9597069597069597,11,48,1.0
0.0,0.6666666666666666,91,35,0.575091575091575
0.0,0.5970695970695971,110,37,0.6703296703296703
0.0,0.8345588235294118,45,57,0.3125
0.0,0.9522058823529411,13,35,0.0
0.0,0.7838827838827839,59,48,0.47985347985347987
0.0,0.7362637362637363,48,37,0.5714285714285714
0.0,0.4944649446494465,138,68,0.8560885608856088
0.0,0.7894736842105263,4,37,1.0
0.0,0.6666666666666666,91,46,0.717948717948718
0.0,0.6666666666666666,91,45,0.6117216117216118
0.0,0.5308641975308642,38,25,1.0
0.0,0.9252336448598131,16,38,0.028037383177570093
0.0,0.691358024691358,75,34,1.0
0.0,0.9436619718309859,12,62,0.0
0.0,0.6176470588235294,104,44,0.6323529411764706
0.0,0.5555555555555556,109,69,1.0
0.0,0.8163265306122449,18,57,0.0
0.0,0.7203389830508474,66,40,1.0
0.0,0.5583941605839416,125,80,0.5547445255474452
0.0,0.818815331010453,52,55,0.5052264808362369
0.0,0.6446886446886447,97,39,0.5641025641025641
0.0,0.5495867768595041,109,36,1.0
0.0,0.7472118959107806,68,33,0.5278810408921933
0.0,0.6157024793388429,93,49,1.0
0.0,0.5185185185185185,117,39,1.0
0.0,0.9070796460176991,22,73,0.06637168141592921
0.007352941176470588,0.5955882352941176,117,120,0.7573529411764706
0.0,0.8818565400843882,28,54,0.0
0.0,0.5274725274725275,130,81,0.7802197802197802
0.0,0.9383886255924171,13,54,0.0
0.00823045267489712,0.551440329218107,114,135,1.0
0.0,0.5785123966942148,102,35,1.0
0.0,0.8109452736318408,38,48,1.0
0.0,0.9505494505494505,9,28,0.3241758241758242
0.0,0.9613259668508287,7,47,1.0
0.0,0.8055555555555556,49,58,0.4642857142857143
0.0,0.9144736842105263,27,80,0.7236842105263158
0.0,0.7458563535911602,46,55,1.0
0.0,0.9939759036144579,1,34,1.0
0.0,0.7292817679558011,49,39,1.0
0.0,0.712707182320442,52,33,1.0
0.0,0.9485714285714286,9,49,1.0
0.0,0.8738738738738738,28,33,0.0
0.0,0.8715083798882681,23,35,1.0
0.0,1.0,0,10,1.0
0.0,0.9580838323353293,7,60,1.0
0.0,0.7983539094650206,49,45,0.36213991769547327
0.0,0.8839779005524862,21,47,1.0
0.0,0.9935483870967742,1,28,1.0
0.0,0.6906077348066298,56,62,1.0
0.0,0.8397790055248618,29,60,1.0
0.0,0.6571428571428571,73,74,1.0
0.0,0.9723756906077348,6,81,1.0
0.0,0.7810650887573964,37,62,1.0
0.0,0.9436619718309859,12,33,0.0
0.0,0.6373626373626373,102,94,0.43956043956043955
0.0,0.9213483146067416,21,51,0.0
0.01824817518248175,0.4051094890510949,192,115,0.5583941605839416
0.003663003663003663,0.6117216117216118,113,114,0.6153846153846154
0.0,0.957345971563981,9,36,0.0
0.0,0.6654275092936803,90,55,0.5278810408921933
0.0037593984962406013,0.7330827067669173,75,112,0.38721804511278196
0.0,0.9429824561403509,13,52,0.0
0.003663003663003663,0.608058608058608,117,119,0.5201465201465202
0.0,0.835,36,68,0.0
0.0,0.6373626373626373,102,97,0.5531135531135531
0.0,0.9080882352941176,26,68,0.0
0.003289473684210526,0.5526315789473685,142,212,0.5493421052631579
0.003676470588235294,0.6617647058823529,105,122,0.4338235294117647
0.003663003663003663,0.6410256410256411,103,110,0.5018315018315018
0.007407407407407408,0.5777777777777777,120,107,0.6037037037037037
0.003676470588235294,0.6691176470588235,92,117,0.5661764705882353
0.007326007326007326,0.673992673992674,93,126,0.5970695970695971
0.003355704697986577,0.6442953020134228,110,117,0.6510067114093959
0.0,0.706959706959707,83,100,0.5201465201465202
0.003663003663003663,0.5934065934065934,117,111,0.6153846153846154
0.0038022813688212928,0.6768060836501901,92,128,0.532319391634981
0.0,0.5824175824175825,117,70,0.4908424908424908
0.0,0.6923076923076923,84,53,0.43223443223443225
0.0,0.8692307692307693,37,74,0.0
0.0,0.9448529411764706,15,40,0.0
0.0,0.8784313725490196,32,68,0.0
0.0,0.5970695970695971,113,87,0.6190476190476191
0.0,0.6336996336996337,102,64,0.47985347985347987
0.0,0.6715867158671587,89,49,1.0
0.0,0.6102941176470589,110,88,0.5367647058823529
0.0,0.6387959866220736,113,80,0.5217391304347826
0.0,0.7491638795986622,75,49,0.47491638795986624
0.0,0.5845588235294118,118,71,0.5441176470588235
0.0,0.9007352941176471,27,52,0.0
0.0,0.6877470355731226,79,57,1.0
0.0,0.6148148148148148,107,76,0.4740740740740741
0.0,0.9307359307359307,16,55,0.0
0.003663003663003663,0.6227106227106227,116,109,0.43956043956043955
0.014652014652014652,0.3882783882783883,187,166,0.7509157509157509
0.0,0.7106227106227107,81,80,0.42857142857142855
0.006557377049180328,0.43278688524590164,179,117,0.7901639344262295
0.0,0.717948717948718,77,48,1.0
0.0,0.9039301310043668,22,46,0.0
0.0,0.6237623762376238,125,92,0.504950495049505
0.0,0.8780487804878049,31,66,0.0
0.0,0.8925925925925926,30,68,0.0
0.0,0.6483516483516484,96,46,1.0
0.0,0.63003663003663,108,83,0.4139194139194139
0.0,0.7065637065637066,76,56,1.0
0.0,0.639344262295082,110,56,0.5344262295081967
0.0,0.62,115,63,0.6066666666666667
0.0,0.9391304347826087,14,50,0.0
0.0,0.8351648351648352,45,57,0.0
0.0,0.6573705179282868,88,70,1.0
0.003289473684210526,0.5657894736842105,135,110,1.0
0.0,0.8713692946058091,32,77,0.0
0.003289473684210526,0.5986842105263158,126,121,0.5460526315789473
0.0,0.8305084745762712,42,80,0.0
0.003289473684210526,0.7105263157894737,93,123,1.0
0.003289473684210526,0.6118421052631579,124,119,0.6118421052631579
0.0,0.6875,96,90,0.5625
0.0,0.6842105263157895,98,100,1.0
0.0,0.694078947368421,102,92,0.5098684210526315
0.0,0.5855263157894737,128,90,0.6710526315789473
0.0,0.7111111111111111,26,46,1.0
0.003278688524590164,0.5967213114754099,126,114,0.5377049180327869
0.0,0.6072607260726073,121,83,0.693069306930693
0.016260162601626018,0.5447154471544715,62,117,1.0
0.0,0.8075471698113208,54,83,0.19622641509433963
0.0,0.8888888888888888,2,34,1.0
0.0,0.9074074074074074,16,60,0.0
0.0,0.8944444444444445,20,89,1.0
0.0055248618784530384,0.7182320441988951,53,145,0.430939226519337
0.0,0.9388888888888889,11,61,0.0
0.0055248618784530384,0.7348066298342542,53,272,0.425414364640884
0.0055248618784530384,0.585635359116022,77,144,0.5138121546961326
0.0055248618784530384,0.6408839779005525,70,194,0.43646408839779005
0.0,0.8657718120805369,20,68,1.0
0.0055248618784530384,0.6740331491712708,65,327,0.7900552486187845
0.0,0.7722222222222223,41,50,0.29444444444444445
0.005952380952380952,0.6309523809523809,67,196,0.47023809523809523
0.0,0.6353591160220995,67,58,0.6408839779005525
0.0,0.9508196721311475,6,36,0.0
0.0,0.8279569892473119,32,49,0.532258064516129
0.0,0.9272727272727272,8,32,0.0
0.0,0.7853403141361257,41,38,0.5706806282722513
0.0,0.8978494623655914,19,46,0.510752688172043
0.0,0.7833333333333333,39,34,0.5888888888888889
0.0,0.7016574585635359,54,40,0.6298342541436464
0.0,0.9345794392523364,14,39,0.02336448598130841
0.0,0.7526881720430108,46,36,0.5645161290322581
0.0,0.9508196721311475,6,30,0.0
0.0,0.8278688524590164,21,27,0.0
0.0,0.7244094488188977,35,29,0.4094488188976378
0.0,0.5824175824175825,77,81,0.5769230769230769
0.0,0.7877094972067039,38,31,0.5139664804469274
0.0,0.9528301886792453,5,27,0.0
0.0,0.8176795580110497,33,43,0.5580110497237569
0.0,0.9662447257383966,8,42,0.0
0.0,0.9508196721311475,7,66,0.0
0.0055248618784530384,0.8453038674033149,30,134,0.5359116022099447
0.0,0.8674033149171271,24,41,0.5524861878453039
0.0,0.8397790055248618,29,32,0.5193370165745856
0.0,0.9256198347107438,9,35,0.0
0.0,0.8121546961325967,34,36,0.569060773480663
0.0,0.9243697478991597,18,46,0.0
0.0,0.9411764705882353,17,75,0.0
0.0,0.8644688644688645,38,61,0.23443223443223443
0.0,0.8432835820895522,42,42,0.1455223880597015
0.0,0.6153846153846154,107,61,0.6446886446886447
0.0,0.4927007299270073,140,64,0.6751824817518248
0.0,0.7838827838827839,60,64,0.11355311355311355
0.0,0.5860805860805861,114,53,0.5604395604395604
0.0,0.6148148148148148,104,32,0.6555555555555556
0.0,0.6190476190476191,104,31,0.7545787545787546
0.0,0.6199261992619927,103,39,0.6014760147601476
0.0,0.6642335766423357,92,27,0.9416058394160584
0.0,0.6102941176470589,106,25,0.6580882352941176
0.0,0.9267399267399268,20,58,0.0
0.0,0.7894736842105263,12,32,1.0
0.0,0.6959706959706959,83,48,0.47985347985347987
0.0,0.9250936329588015,20,50,0.0
0.0,0.9194139194139194,22,52,0.0
0.0,0.9188191881918819,22,41,0.0
0.0,0.8487084870848709,42,67,0.0
0.0,0.8225806451612904,11,25,1.0
0.0,0.7704918032786885,14,27,1.0
0.0,0.5054945054945055,136,62,0.7655677655677655
0.0,0.8552631578947368,46,77,0.42105263157894735
0.0,0.8406593406593407,31,95,0.44505494505494503
0.0,0.7401315789473685,84,97,0.4440789473684211
0.0,0.8914473684210527,37,96,0.09868421052631579
0.0,0.8355263157894737,50,60,0.42105263157894735
0.0,0.973421926910299,8,43,0.0
0.0,0.7401315789473685,82,96,0.6546052631578947
0.0,0.8613861386138614,44,81,0.33993399339933994
0.0,0.9539170506912442,11,73,0.0
0.0,0.8986013986013986,29,64,0.15384615384615385
0.003289473684210526,0.9605263157894737,16,133,0.0
0.0,0.8714859437751004,34,79,0.04417670682730924
0.0,0.7039473684210527,93,85,0.3026315789473684
0.0,0.6864686468646864,97,92,0.40594059405940597
0.0,0.9458333333333333,13,39,0.0
0.0,0.9033613445378151,23,52,0.0
0.0,0.8092105263157895,60,88,0.3092105263157895
0.0,0.923728813559322,18,59,0.0
0.0,0.8443708609271523,47,44,0.20198675496688742
0.0,0.8565400843881856,34,52,0.0
0.0,0.8448844884488449,47,39,0.29042904290429045
0.0,0.7458745874587459,80,100,0.3234323432343234
0.0,0.7700729927007299,63,42,0.8759124087591241
0.0,0.8327759197324415,51,89,0.3110367892976589
0.0,0.834983498349835,50,49,0.33003300330033003
0.0,0.8355263157894737,53,85,0.16447368421052633
0.0,0.7730263157894737,69,48,0.3519736842105263
0.0,0.9253112033195021,21,91,0.0
0.0,0.7160493827160493,73,83,0.3497942386831276
0.0,0.7777777777777778,57,78,0.19753086419753085
0.004761904761904762,0.9523809523809523,13,114,0.01904761904761905
0.0,0.7695473251028807,59,94,0.2551440329218107
0.0,0.7283950617283951,69,74,0.4074074074074074
0.0,0.7217741935483871,74,83,0.3467741935483871
0.0,0.8106995884773662,50,78,0.25102880658436216
0.0,0.7654320987654321,58,64,0.37037037037037035
0.0,0.7942386831275721,52,83,0.18930041152263374
0.0,0.8024691358024691,49,68,0.2839506172839506
0.0,0.7233201581027668,72,67,0.549407114624506
0.0,0.75,61,58,0.27459016393442626
0.0033112582781456954,0.7119205298013245,99,108,0.2913907284768212
0.0,0.7182320441988951,51,61,1.0
0.0,0.9112149532710281,19,45,0.0
0.0,0.8091603053435115,53,106,0.0
0.0,0.8526785714285714,35,75,0.0
0.0,0.9019607843137255,21,80,0.0
0.0,0.8316831683168316,54,88,0.2739273927392739
0.0,0.8962264150943396,24,70,0.0
0.0,0.8289473684210527,55,86,0.2631578947368421
0.0,0.7401315789473685,83,93,0.3980263157894737
0.0,0.5986842105263158,126,92,0.4868421052631579
0.0,1.0,0,20,1.0
0.0,0.7730263157894737,73,106,0.3815789473684211
0.0033003300330033004,0.7392739273927392,86,125,0.28052805280528054
0.003289473684210526,0.8453947368421053,49,118,0.3651315789473684
0.008130081300813009,0.8699186991869918,18,165,1.0
0.0,0.892018779342723,23,51,0.0
0.0,0.9078498293515358,27,56,0.15358361774744028
0.0,0.8353909465020576,42,101,0.0
0.003289473684210526,0.75,83,125,0.3125
0.0,0.7781456953642384,71,99,0.3741721854304636
0.0,0.8943894389438944,33,83,0.33663366336633666
0.0,0.7425742574257426,84,108,0.29372937293729373
0.0,0.9079497907949791,23,75,0.0
0.0033783783783783786,0.7601351351351351,78,111,0.1891891891891892
0.009868421052631578,0.46381578947368424,176,104,0.6348684210526315
0.0,0.9256198347107438,18,55,0.0
0.00558659217877095,0.8212290502793296,34,117,0.18994413407821228
0.0,0.8473282442748091,21,95,0.16793893129770993
0.0,0.8875739644970414,23,71,0.3609467455621302
0.0,0.8265895953757225,30,62,0.35260115606936415
0.0,0.9289940828402367,12,58,0.3136094674556213
0.0,0.9444444444444444,5,33,1.0
0.0,1.0,0,37,1.0
0.0,0.8659217877094972,25,67,0.3463687150837989
0.0,0.9340659340659341,12,59,0.42857142857142855
0.0,0.8429752066115702,19,56,0.0
0.005494505494505495,0.7802197802197802,42,116,0.4835164835164835
0.0,0.9567901234567902,10,95,0.3950617283950617
0.0,0.8453038674033149,29,103,0.35359116022099446
0.0,0.9159663865546218,10,62,0.0
0.0,0.83125,27,64,0.29375
0.008264462809917356,0.7603305785123967,31,124,1.0
0.0,0.905829596412556,22,70,0.09865470852017937
0.0,0.8705882352941177,22,48,0.38235294117647056
0.0,0.8604651162790697,25,72,0.313953488372093
0.0,0.9090909090909091,11,47,0.0
0.0,0.9411764705882353,1,38,1.0
0.0,0.8343949044585988,27,62,0.28662420382165604
0.0,0.7026022304832714,80,44,0.6431226765799256
0.0,0.6703296703296703,91,99,0.6263736263736264
0.0,0.6236162361623616,102,51,1.0
0.0,0.6776556776556777,88,40,0.6227106227106227
0.0,0.6446886446886447,97,52,0.6190476190476191
0.0,0.4343065693430657,155,32,0.781021897810219
0.0,0.652014652014652,95,47,0.5970695970695971
0.0,0.9476190476190476,11,58,0.0
0.0,0.9478672985781991,11,26,0.0
0.0,0.9612068965517241,9,47,0.0
0.0,0.8426966292134831,14,42,0.0
0.0,0.8913043478260869,10,26,0.0
0.006756756756756757,0.6418918918918919,56,217,1.0
0.0,0.8557692307692307,15,32,0.0
0.0,0.821917808219178,26,36,0.4657534246575342
0.0,0.8175675675675675,27,58,0.5202702702702703
0.0,0.8013698630136986,30,86,0.410958904109589
0.0,0.8461538461538461,14,31,0.0
0.006802721088435374,0.7142857142857143,45,116,0.5782312925170068
0.006622516556291391,0.6026490066225165,63,250,0.8278145695364238
0.006756756756756757,0.7837837837837838,35,120,0.49324324324324326
0.0,0.7905405405405406,31,37,0.6283783783783784
0.0,0.8791208791208791,11,48,0.0
0.0,0.8986486486486487,15,60,0.033783783783783786
0.0,0.9494949494949495,5,21,0.0
0.0,0.8152173913043478,17,41,0.0
0.0,0.8851351351351351,17,54,0.08108108108108109
0.0,0.9393939393939394,6,29,0.0
0.013245033112582781,0.4768211920529801,87,687,0.7549668874172185
0.0,1.0,0,22,1.0
0.0,1.0,0,15,1.0
0.0,1.0,0,36,1.0
0.0,0.9116022099447514,16,56,0.15469613259668508
0.0055248618784530384,0.9502762430939227,11,148,1.0
0.0,0.9222222222222223,14,43,0.06666666666666667
0.0,0.820627802690583,40,40,0.29596412556053814
0.0,0.9911504424778761,2,48,0.7964601769911505
0.0,0.9640718562874252,7,95,1.0
0.006711409395973154,0.9463087248322147,10,144,1.0
0.0,1.0,0,5,1.0
0.0,0.6538461538461539,63,48,0.43956043956043955
0.0,0.5454545454545454,80,47,1.0
0.0,0.8342541436464088,30,44,0.430939226519337
0.005847953216374269,0.9415204678362573,13,150,1.0
0.0,1.0,0,15,1.0
0.0,0.8160919540229885,32,61,1.0
0.0055248618784530384,0.8674033149171271,28,126,0.23204419889502761
0.0,1.0,0,29,1.0
0.0,1.0,0,17,1.0
0.0,1.0,0,16,1.0
0.0,1.0,0,18,1.0
0.0,0.8287292817679558,31,50,1.0
0.0,0.976878612716763,4,75,1.0
0.0,0.8674033149171271,24,46,0.30386740331491713
0.0,0.9652777777777778,10,44,1.0
0.0,0.6678832116788321,93,93,0.48175182481751827
0.0,0.7397260273972602,77,95,1.0
0.0,0.8021201413427562,58,81,0.568904593639576
0.0,0.8931623931623932,29,76,0.0
0.0,0.7766990291262136,23,51,0.7572815533980582
0.0,0.7706766917293233,62,101,1.0
0.0,0.9518072289156626,12,40,1.0
0.0,0.9473684210526315,1,44,1.0
0.0,0.842741935483871,40,103,1.0
0.0,0.7932960893854749,37,35,0.2849162011173184
0.0,0.8103448275862069,33,34,0.0
0.0,0.25547445255474455,230,74,0.25547445255474455
0.0,0.9090909090909091,16,35,1.0
0.006578947368421052,0.9078947368421053,17,141,1.0
0.0,0.8388888888888889,29,40,0.0
0.0,0.9116022099447514,17,104,1.0
0.0,0.5,139,61,0.14963503649635038
0.0,0.6986301369863014,67,58,0.0045662100456621
0.0,0.8791208791208791,33,58,0.5824175824175825
0.0,0.7692307692307693,65,77,0.5457875457875457
0.0,0.8540145985401459,44,79,0.0
0.0,0.8131868131868132,54,75,0.4249084249084249
0.0,0.8248175182481752,52,85,0.4416058394160584
0.0,0.9590163934426229,5,52,0.0
0.0,0.8248175182481752,49,76,0.4744525547445255
0.0,0.7955801104972375,38,67,0.39779005524861877
0.0,0.7111111111111111,53,68,0.37222222222222223
0.005555555555555556,0.6944444444444444,58,124,0.45
0.0,0.7303370786516854,51,81,0.3707865168539326
0.0,0.7241379310344828,50,100,0.4367816091954023
0.0,0.7472527472527473,47,92,0.3626373626373626
0.0,0.7359550561797753,49,81,0.4101123595505618
0.0,0.7361702127659574,67,79,0.28936170212765955
0.0,0.8314606741573034,30,57,0.2752808988764045
0.013793103448275862,0.9241379310344827,17,124,0.0
0.0,0.8777777777777778,24,77,0.08333333333333333
0.00558659217877095,0.776536312849162,42,114,0.4134078212290503
0.0,0.7624309392265194,45,67,0.4585635359116022
0.0,0.6222222222222222,68,26,0.7277777777777777
0.0,0.7853107344632768,39,67,0.2768361581920904
0.010948905109489052,0.23722627737226276,226,169,0.4306569343065693
0.0,1.0,0,23,1.0
0.0,0.9444444444444444,1,37,1.0
0.08058608058608059,0.19413919413919414,317,458,0.5677655677655677
0.0,0.46886446886446886,163,92,0.007326007326007326
0.018315018315018316,0.6153846153846154,118,146,0.3626373626373626
0.0,0.8947368421052632,2,54,1.0
0.0,1.0,0,8,1.0
0.033582089552238806,0.7947761194029851,85,302,1.0
0.0,0.7992424242424242,53,42,0.003787878787878788
0.0,0.5824175824175825,115,55,0.007326007326007326
0.0,0.6455223880597015,95,46,0.0
0.0,0.7252747252747253,77,61,0.10622710622710622
0.0,1.0,0,12,1.0
0.0,0.9850746268656716,4,38,1.0
0.0,0.6654275092936803,90,49,0.0
0.0,0.673992673992674,94,97,0.6227106227106227
0.0,0.5656934306569343,127,96,0.583941605839416
0.0,0.8859315589353612,31,69,0.034220532319391636
0.0,0.9264705882352942,23,103,0.0
0.0,0.6131386861313869,115,96,0.4927007299270073
0.003663003663003663,0.7985347985347986,61,117,0.13553113553113552
0.0,0.9661654135338346,9,51,0.0
0.0,0.940959409594096,16,51,0.0
0.0,0.5934065934065934,111,55,1.0
0.0,0.7116788321167883,86,94,0.41605839416058393
0.0,1.0,0,0,1.0
0.0,0.6645569620253164,112,93,0.5854430379746836
0.0,0.916030534351145,23,78,0.0
0.0,0.8084291187739464,50,71,1.0
0.0,0.7948717948717948,60,86,0.315018315018315
0.0,0.8539325842696629,40,80,1.0
0.0,0.9696969696969697,8,45,0.0
0.0,0.9305019305019305,18,62,0.0
0.0031545741324921135,0.6593059936908517,115,110,0.4037854889589905
0.0,0.7531645569620253,81,88,0.5189873417721519
0.0,0.8278388278388278,53,97,0.2564102564102564
0.0,0.9588477366255144,10,57,0.0
0.0,0.8021978021978022,57,103,0.2600732600732601
0.006329113924050633,0.7436708860759493,88,113,0.3575949367088608
0.0,0.9159663865546218,20,36,0.0
0.0,0.9471698113207547,15,114,0.0
0.0,0.7875457875457875,63,95,0.28205128205128205
0.0,0.9239130434782609,14,41,0.0
0.0,0.9390862944162437,12,52,0.09644670050761421
0.0,0.7142857142857143,78,55,0.673992673992674
0.0,0.9619565217391305,7,40,0.0
0.0,0.9419642857142857,13,43,0.0
0.0,0.9456521739130435,10,38,0.0
0.0,0.6717557251908397,86,45,1.0
0.0,0.6886446886446886,85,30,0.6703296703296703
0.0,0.5019305019305019,129,40,1.0
0.0,0.7106227106227107,79,34,0.652014652014652
0.0,0.8257575757575758,46,28,0.6818181818181818
0.0,0.6172839506172839,93,44,0.5390946502057613
0.0,0.8858695652173914,21,54,0.0
0.0,0.9152542372881356,15,47,0.0
0.0,0.7435897435897436,70,34,0.6043956043956044
0.0,0.8762376237623762,25,43,0.0891089108910891
0.0,1.0,0,17,1.0
0.0,0.7655677655677655,64,42,0.7106227106227107
0.0,0.967391304347826,6,34,0.0
0.0,0.8784530386740331,22,46,0.0
0.0,0.947136563876652,12,63,0.0
0.0,1.0,0,22,0.29069767441860467
0.0,0.4918032786885246,155,46,0.6557377049180327
0.0,0.7695167286245354,63,67,1.0
0.0,0.7859778597785978,58,44,0.5276752767527675
0.0,0.7655677655677655,66,80,0.7765567765567766
0.0,0.7463235294117647,69,42,1.0
0.0,0.9488636363636364,9,36,0.0
0.0,0.8876404494382022,30,33,0.602996254681648
0.0,0.945054945054945,10,35,0.0
0.0,0.7326007326007326,73,37,0.5238095238095238
0.0,0.8315018315018315,46,49,0.652014652014652
0.0,0.9021739130434783,18,49,0.0
0.0,0.663003663003663,92,29,0.6483516483516484
0.01646090534979424,0.8024691358024691,59,155,0.21810699588477367
0.03292181069958848,0.7283950617283951,87,245,0.3168724279835391
0.01639344262295082,0.7745901639344263,72,177,0.2459016393442623
0.029288702928870293,0.7322175732217573,82,153,0.34309623430962344
0.012345679012345678,0.7860082304526749,65,177,0.32098765432098764
0.00823045267489712,0.7901234567901234,59,156,0.2222222222222222
0.01646090534979424,0.8024691358024691,63,244,0.25925925925925924
0.01646090534979424,0.7983539094650206,65,202,0.2222222222222222
0.0205761316872428,0.7818930041152263,71,245,0.46502057613168724
0.0,0.6587837837837838,102,86,0.5033783783783784
0.0,0.8122448979591836,49,79,0.0
0.0,0.8029739776951673,53,42,1.0
0.0,0.6298342541436464,68,81,0.988950276243094
0.003663003663003663,0.3333333333333333,188,96,0.7472527472527473
0.0,0.5940959409594095,112,80,0.5608856088560885
0.0,0.7205882352941176,79,76,0.45955882352941174
0.0,0.8207547169811321,41,70,0.0
0.0,1.0,0,19,1.0
0.0,0.4360655737704918,176,97,0.6163934426229508
0.0,0.8293838862559242,39,78,0.0
0.0036496350364963502,0.3978102189781022,171,102,0.6897810218978102
0.0,0.8285714285714286,43,87,0.0
0.0,0.8411214953271028,36,64,0.0
0.0036496350364963502,0.32116788321167883,200,100,0.6642335766423357
0.0,0.5054945054945055,136,51,0.6446886446886447
0.004672897196261682,0.8411214953271028,37,119,0.0
0.0,0.6556291390728477,109,90,0.34105960264900664
0.0,0.7032967032967034,81,47,0.46153846153846156
0.0,0.8457943925233645,34,78,0.0
0.0,0.8734177215189873,31,80,0.0
0.003663003663003663,0.4175824175824176,169,101,0.673992673992674
0.0,0.7746478873239436,53,69,0.0
0.0,0.6291390728476821,114,78,0.4768211920529801
0.0,0.6933333333333334,94,83,0.37666666666666665
0.0,0.8277511961722488,37,60,0.0
0.0,0.5970695970695971,114,82,0.5824175824175825
0.0,0.8865546218487395,27,51,0.025210084033613446
0.0,0.7755102040816326,57,107,0.0
0.0,0.6204379562043796,106,70,0.46715328467153283
0.003663003663003663,0.5860805860805861,117,193,1.0
0.0,0.4945054945054945,140,73,0.6373626373626373
0.0,0.6447368421052632,111,82,0.4934210526315789
0.0,0.6052631578947368,125,84,0.45394736842105265
0.0,0.6544117647058824,101,82,0.36764705882352944
0.0,0.8672985781990521,30,64,0.0
0.0,0.8524590163934426,37,69,0.0
0.0111731843575419,0.5921787709497207,77,139,0.5251396648044693
0.0,0.780373831775701,49,71,0.0
0.00398406374501992,0.8087649402390438,50,122,1.0
0.0,0.5367647058823529,129,81,0.5
0.0,0.6383763837638377,101,83,0.42066420664206644
0.0,0.8009478672985783,42,54,0.0
0.003676470588235294,0.5661764705882353,120,115,0.4227941176470588
0.0,0.9,2,29,1.0
0.0,0.6840148698884758,87,103,1.0
0.0,0.7714285714285715,48,53,0.0
0.004672897196261682,0.7336448598130841,64,124,0.0
0.0,0.8943089430894309,13,47,0.0
0.0,0.7807017543859649,51,83,0.0
0.0036496350364963502,0.48175182481751827,152,408,0.5145985401459854
0.0,0.8018018018018018,46,62,0.0
0.003663003663003663,0.5311355311355311,133,256,0.73992673992674
0.0,0.5787545787545788,118,92,0.575091575091575
0.0,0.7203791469194313,61,96,0.6729857819905213
0.0036496350364963502,0.45985401459854014,152,457,0.5364963503649635
0.003663003663003663,0.6556776556776557,97,124,0.4139194139194139
0.0,0.8895027624309392,20,43,1.0
0.0,0.9388888888888889,11,63,0.6833333333333333
0.0,0.9668508287292817,6,44,0.7403314917127072
0.0,0.8066298342541437,35,51,1.0
0.0,0.9337016574585635,12,36,1.0
0.0,0.6666666666666666,60,52,1.0
0.0,0.7071823204419889,53,67,1.0
0.0,0.7403314917127072,47,38,0.6961325966850829
0.0,0.8674033149171271,24,55,1.0
0.0,0.7624309392265194,44,78,1.0
0.0,0.712707182320442,52,51,1.0
0.0,0.8277777777777777,32,81,1.0
0.0,0.6464088397790055,68,75,0.7458563535911602
0.0,0.8453038674033149,28,65,1.0
0.0,0.850828729281768,27,51,0.6850828729281768
0.0,0.8241758241758241,32,49,0.36813186813186816
0.0,0.7955801104972375,37,40,0.712707182320442
0.0,0.9281767955801105,13,48,1.0
0.0,0.9116022099447514,16,39,1.0
0.0,0.9281767955801105,13,42,1.0
0.0,0.8461538461538461,28,52,0.4010989010989011
0.0,0.7384615384615385,68,58,0.23461538461538461
0.0,0.5164835164835165,90,80,0.5054945054945055
0.0,0.680952380952381,67,51,0.5285714285714286
0.0,0.5424528301886793,98,84,0.5943396226415094
0.0,0.6556603773584906,75,78,0.4528301886792453
0.0,0.719047619047619,60,74,0.38571428571428573
0.0,0.7738693467336684,45,48,0.40703517587939697
0.0,0.875,28,98,0.0
0.0,0.7769516728624535,61,78,0.39776951672862454
0.0,0.7148760330578512,70,58,0.2892561983471074
0.004761904761904762,0.6904761904761905,68,113,0.4666666666666667
0.0,0.6792452830188679,68,49,1.0
0.0,0.6226415094339622,80,49,0.5943396226415094
0.0047169811320754715,0.6556603773584906,77,109,0.6179245283018868
0.0,0.9465020576131687,13,46,0.0
0.0,0.8138686131386861,51,68,0.5437956204379562
0.0,0.7688679245283019,49,52,0.33490566037735847
0.0,0.9299363057324841,11,40,0.0
0.0,0.7688679245283019,50,64,0.3584905660377358
0.0,0.6745283018867925,70,80,0.46226415094339623
0.0,0.7985074626865671,54,54,0.21641791044776118
0.0,0.6,86,73,0.5190476190476191
0.0,0.6226415094339622,82,64,0.5424528301886793
0.0,0.7019230769230769,63,73,0.4519230769230769
0.0,0.7342995169082126,56,62,0.4444444444444444
0.0,0.7777777777777778,57,74,0.21810699588477367
0.0,0.9329608938547486,12,62,0.0
0.0,0.7169811320754716,61,92,0.4858490566037736
0.0,0.7075471698113207,63,83,0.5047169811320755
0.0,0.5164835164835165,93,97,0.5494505494505495
0.0,0.9423868312757202,14,56,0.0
0.0,0.8607594936708861,22,36,1.0
0.0,0.7877358490566038,45,57,0.36792452830188677
0.0,0.7122641509433962,61,58,0.4858490566037736
0.0,0.7391304347826086,55,87,0.41545893719806765
0.0,0.8309178743961353,35,53,1.0
0.0,0.6556603773584906,74,56,0.4481132075471698
0.0,0.8849557522123894,15,73,1.0
0.0,0.9426751592356688,9,60,0.3630573248407643
0.0,0.6457142857142857,62,49,1.0
0.0,0.8571428571428571,8,36,1.0
0.0,1.0,0,22,1.0
0.0,0.8596491228070176,8,36,1.0
0.012269938650306749,0.9693251533742331,14,338,0.0
0.0,0.9090909090909091,11,62,0.49586776859504134
0.0,0.9041666666666667,23,55,0.44583333333333336
0.004016064257028112,0.6947791164658634,78,156,0.8995983935742972
0.0,0.757201646090535,63,87,0.37448559670781895
0.0,0.8908296943231441,25,32,0.0
0.0,0.8995633187772926,23,43,0.0
0.0,0.9217391304347826,18,48,0.0
0.0,0.5897435897435898,113,58,0.6336996336996337
0.0,0.6117216117216118,107,57,0.6959706959706959
0.0,0.8733031674208145,28,55,0.0
0.0,0.6813186813186813,87,54,0.652014652014652
0.0,0.6431226765799256,96,55,1.0
0.0,0.5384615384615384,126,45,0.5311355311355311
0.007326007326007326,0.7985347985347986,60,129,0.48717948717948717
0.0,0.572992700729927,117,35,0.6058394160583942
0.0,0.5238095238095238,130,44,0.6043956043956044
0.0,0.7657992565055762,63,49,0.34572490706319703
0.0055248618784530384,0.5303867403314917,89,106,0.7569060773480663
0.0,0.8707865168539326,23,59,1.0
0.0,0.8263473053892215,29,37,0.3652694610778443
0.00558659217877095,0.8212290502793296,35,121,0.5586592178770949
0.0,0.7237569060773481,50,41,0.292817679558011
0.0,0.9441340782122905,10,74,1.0
0.0,0.7845303867403315,39,33,0.43646408839779005
0.0,0.9502762430939227,9,29,0.055248618784530384
0.0,0.8241758241758241,33,79,0.18681318681318682
0.0,0.7900552486187845,39,76,0.988950276243094
0.0,0.9098360655737705,12,63,0.0
0.0,0.6964285714285714,69,55,0.48660714285714285
0.0,0.9626556016597511,9,64,0.0
0.0,0.5182481751824818,133,86,0.5985401459854015
0.0,0.9535864978902954,11,49,0.0
0.0,0.7944444444444444,37,38,1.0
0.0,0.6408839779005525,67,96,0.6850828729281768
0.0,0.8852459016393442,14,51,0.0
0.003663003663003663,0.6117216117216118,108,110,0.7362637362637363
0.0,0.8081395348837209,33,34,1.0
0.0,0.8176795580110497,33,59,0.6077348066298343
0.0,0.7955801104972375,37,35,1.0
0.0,0.8505747126436781,26,40,1.0
0.0,0.7745664739884393,39,34,1.0
0.0,0.8465909090909091,27,38,1.0
0.0,0.8857142857142857,20,36,1.0
0.0,0.8409090909090909,28,39,1.0
0.0,0.9461883408071748,12,43,0.0
0.0,0.6428571428571429,65,45,0.42857142857142855
0.0,0.7900552486187845,38,48,0.4972375690607735
0.0,0.711864406779661,52,75,0.5310734463276836
0.0,0.8852459016393442,14,40,0.0
0.0,0.8916666666666667,13,38,0.0
0.0,0.5796178343949044,66,47,1.0
0.0,0.6131687242798354,98,93,0.42386831275720166
0.0,0.3975409836065574,152,69,0.639344262295082
0.0,0.5726141078838174,104,60,1.0
0.0,0.8477366255144033,39,89,0.07407407407407407
0.0,0.6339285714285714,82,35,1.0
0.00392156862745098,0.6901960784313725,81,120,0.3215686274509804
0.0,0.3168724279835391,171,84,0.8559670781893004
0.004784688995215311,0.8421052631578947,41,112,0.0
0.0,0.8,4,51,1.0
0.0047169811320754715,0.41037735849056606,133,251,0.6273584905660378
0.0047169811320754715,0.6226415094339622,86,116,0.36792452830188677
0.00823045267489712,0.6460905349794238,90,140,1.0
0.12295081967213115,0.12704918032786885,331,2048,0.6680327868852459
0.0,0.9285714285714286,15,51,0.0
0.00823045267489712,0.5432098765432098,119,131,0.5185185185185185
0.0,0.8888888888888888,28,79,0.0
0.025547445255474453,0.08759124087591241,284,109,0.6970802919708029
0.0,0.6213991769547325,92,55,0.6790123456790124
0.0,0.36213991769547327,159,86,0.8436213991769548
0.0,0.8780487804878049,26,82,0.0
0.0,0.9473684210526315,11,60,0.0
0.0,0.42386831275720166,140,41,0.7489711934156379
0.0,0.916256157635468,18,67,0.0
0.0,1.0,0,28,0.0
0.0,0.6367924528301887,79,81,0.6367924528301887
0.0,0.5166666666666667,59,58,1.0
0.004219409282700422,0.8987341772151899,27,142,1.0
0.0,0.5991561181434599,95,49,1.0
0.0,0.4344262295081967,141,90,0.6967213114754098
0.0,0.3070539419087137,174,78,0.7427385892116183
0.0,0.580952380952381,89,59,0.5
0.0,0.3497942386831276,166,82,0.8106995884773662
0.0,0.5637860082304527,106,24,0.7613168724279835
0.0,0.885,23,57,0.0
0.0,0.9461883408071748,13,72,0.0
0.0,0.9342105263157895,15,69,1.0
0.0,0.8075313807531381,46,55,0.0
0.0,0.9583333333333334,10,77,0.0
0.0,0.9218106995884774,19,58,0.0
0.004694835680751174,0.3145539906103286,156,106,0.676056338028169
0.0,0.4098360655737705,146,73,0.6967213114754098
0.0,0.9159663865546218,20,66,0.0
0.0,0.5163934426229508,120,67,0.5532786885245902
0.0,1.0,0,34,0.0
0.0,0.6,123,57,0.10819672131147541
0.0,0.6118421052631579,118,41,0.22697368421052633
0.0,0.6286764705882353,103,61,0.058823529411764705
0.0,0.5953947368421053,130,71,0.15460526315789475
0.0,0.594059405940594,125,65,0.36303630363036304
0.0,1.0,0,12,1.0
0.0,0.6171617161716172,116,46,0.3234323432343234
0.0,0.6996699669966997,92,59,0.132013201320132
0.003278688524590164,0.3704918032786885,208,121,0.3081967213114754
0.0,0.6529680365296804,77,62,0.0
0.0,0.7039473684210527,91,56,0.15789473684210525
0.0,0.5855263157894737,130,78,0.05921052631578947
0.0,0.5394736842105263,141,60,0.34210526315789475
0.0,0.5888157894736842,126,57,0.2138157894736842
0.0,0.7105263157894737,88,52,0.0625
0.0,1.0,0,15,1.0
0.0,0.6131147540983607,120,72,0.13114754098360656
0.0,0.8287292817679558,31,54,0.1878453038674033
0.0,0.9120879120879121,18,68,0.10989010989010989
0.0,0.7888888888888889,38,54,0.3111111111111111
0.0,1.0,0,34,1.0
0.0,1.0,0,19,1.0
0.0,0.7785977859778598,60,36,0.5682656826568265
0.0,0.8480565371024735,45,100,0.1519434628975265
0.0,0.7835051546391752,21,28,1.0
0.0,0.9622641509433962,8,37,0.0
0.0,1.0,0,10,1.0
0.0,0.8860294117647058,32,63,0.4742647058823529
0.0,0.7720588235294118,62,38,0.5955882352941176
0.0,0.7481751824817519,70,80,0.4124087591240876
0.0,0.9719626168224299,6,41,0.0
0.0,0.704225352112676,84,43,0.6056338028169014
0.0,0.9240506329113924,18,41,0.0
0.0,0.8065693430656934,54,64,0.4489051094890511
0.0,0.9626168224299065,8,40,0.0
0.0,0.7314487632508834,76,44,0.48056537102473496
0.0,1.0,0,9,1.0
0.0,0.7582417582417582,67,77,0.39194139194139194
0.0,0.8421052631578947,15,39,1.0
0.0,0.8277310924369747,41,46,0.3865546218487395
0.0,0.8467153284671532,42,61,0.9306569343065694
0.0,0.9684684684684685,7,32,0.0
0.0,0.9411764705882353,16,49,0.0
0.0,0.7887323943661971,60,41,0.8204225352112676
0.0,0.8065693430656934,53,41,0.5109489051094891
0.0,0.9655172413793104,8,32,0.08189655172413793
0.0,0.7692307692307693,63,39,0.4945054945054945
0.0,0.7959183673469388,20,46,1.0
0.0,0.9514925373134329,13,39,0.0037313432835820895
0.0,0.9626168224299065,9,62,0.0
0.0,0.7912087912087912,57,64,1.0
0.0,0.9326923076923077,14,37,0.0
0.0,0.9469026548672567,12,49,1.0
0.004166666666666667,0.7375,66,116,1.0
0.0,0.8888888888888888,27,33,0.5843621399176955
0.0,0.8724279835390947,31,47,1.0
0.0,0.8847736625514403,28,34,0.9753086419753086
0.0,0.8930041152263375,26,49,0.5555555555555556
0.0,0.9300411522633745,17,31,0.1522633744855967
0.0,0.9157894736842105,16,51,1.0
0.0,0.9369747899159664,15,39,1.0
0.0,0.9588477366255144,10,62,1.0
0.0,0.897119341563786,25,50,1.0
0.0,0.9794238683127572,5,57,1.0
0.0,0.9652173913043478,8,40,1.0
0.0,0.6748971193415638,79,47,0.5679012345679012
0.0,0.961864406779661,9,37,1.0
0.0,0.8477366255144033,37,59,1.0
0.0,0.8421052631578947,3,41,1.0
0.0,0.9330143540669856,14,56,1.0
0.0,0.9259259259259259,18,46,1.0
0.0,0.7478991596638656,60,55,1.0
0.0,1.0,0,24,1.0
0.0,0.7613168724279835,58,56,0.3786008230452675
0.0,0.970954356846473,7,33,1.0
0.0,0.691358024691358,75,46,1.0
0.0,0.7078189300411523,71,29,0.6008230452674898
0.0,0.8106995884773662,47,92,1.0
0.0,0.9813664596273292,3,26,0.6459627329192547
0.0,0.8600823045267489,34,55,1.0
0.0,0.9662447257383966,8,28,0.6033755274261603
0.0,0.9382716049382716,15,77,1.0
0.0,0.8106995884773662,46,53,1.0
0.0,0.8110236220472441,24,37,0.2677165354330709
0.0,0.7924528301886793,33,40,1.0
0.0,0.7403314917127072,47,51,0.5966850828729282
0.0,0.8925619834710744,13,35,0.0
0.0,0.7458563535911602,47,59,0.5966850828729282
0.0,0.7333333333333333,16,36,1.0
0.0,0.7955801104972375,37,29,0.574585635359116
0.0,0.7288135593220338,16,36,1.0
0.0,0.6363636363636364,56,40,1.0
0.0,0.7906976744186046,28,62,0.2248062015503876
0.0,0.7851851851851852,29,55,0.2814814814814815
0.0,0.941908713692946,14,33,0.0
0.0,0.8345323741007195,23,38,0.23741007194244604
0.0055248618784530384,0.856353591160221,30,149,0.23756906077348067
0.0055248618784530384,0.7900552486187845,41,117,0.6574585635359116
0.0,0.8461538461538461,15,66,0.0
0.0,0.7182320441988951,52,96,0.6685082872928176
0.0,0.7637362637362637,44,98,0.25824175824175827
0.0,0.8571428571428571,13,53,0.0
0.0055248618784530384,0.7790055248618785,44,121,0.6740331491712708
0.0,0.9130434782608695,8,41,0.0
0.005649717514124294,0.7966101694915254,40,114,0.2711864406779661
0.0,0.7237569060773481,51,82,1.0
0.0,0.76,38,81,1.0
0.0,0.8260869565217391,17,64,0.0
0.0,0.7845303867403315,44,88,0.430939226519337
0.0,0.8695652173913043,12,46,0.0
0.0,0.8804347826086957,11,50,0.0
0.0,0.8804347826086957,11,43,0.0
0.0,0.8,38,77,0.6555555555555556
0.0,0.6923076923076923,61,88,0.6153846153846154
0.0,0.7520661157024794,32,83,1.0
0.0055248618784530384,0.7845303867403315,41,114,0.6685082872928176
0.0,0.8066298342541437,39,105,0.6077348066298343
0.0,0.8369565217391305,18,81,0.0
0.0,0.7282608695652174,25,51,0.0
0.0,0.7955801104972375,38,85,0.6243093922651933
0.0,0.8369565217391305,16,60,0.0
0.0,0.934156378600823,16,60,0.0
0.0,0.8695652173913043,13,64,0.0
0.0,0.75,25,68,0.0
0.0,0.7237569060773481,53,74,0.6629834254143646
0.0,0.5185185185185185,120,94,0.13991769547325103
0.0,0.7734806629834254,41,56,0.2596685082872928
0.0,1.0,0,23,0.0
0.0,0.945054945054945,10,20,0.04395604395604396
0.0,0.6132075471698113,82,52,0.2971698113207547
0.0,0.9055555555555556,17,42,0.022222222222222223
0.0,0.6978021978021978,56,61,0.04945054945054945
0.0,0.9779005524861878,4,67,1.0
0.0,0.856353591160221,26,27,0.049723756906077346
0.0,0.9949494949494949,1,47,1.0
0.0335195530726257,0.8770949720670391,40,392,1.0
0.0,0.8457142857142858,27,37,0.7142857142857143
0.0,0.6818181818181818,78,54,0.008264462809917356
0.0,0.7028301886792453,67,70,0.22641509433962265
0.0,0.7920353982300885,47,39,0.01327433628318584
0.0,1.0,0,40,1.0
0.0,0.9801980198019802,4,49,1.0
